{
    "Code": 0,
    "Message": "",
    "Response": {
        "datasetGround": [{
                "data": [
                    [
                        0, -6.222
                    ],
                    [
                        23.11948505792351, -6.222
                    ],
                    [
                        23.11948505792351,
                        3.45
                    ],
                    [
                        1.1194992624735072,
                        3.45
                    ],
                    [
                        0,
                        3.45
                    ]
                ],
                "Id": null
            },
            {
                "data": [
                    [
                        23.119485057923512, -6.222
                    ],
                    [
                        127.93891488932303, -6.222
                    ],
                    [
                        127.93891488932303,
                        3.45
                    ],
                    [
                        24.238984320397023,
                        3.45
                    ],
                    [
                        23.119485057923512,
                        3.45
                    ]
                ],
                "Id": null
            },
            {
                "data": [
                    [
                        127.93891488932302, -6.222
                    ],
                    [
                        227.25835028212202, -6.222
                    ],
                    [
                        227.25835028212202,
                        3.45
                    ],
                    [
                        129.0584141517965,
                        3.45
                    ],
                    [
                        127.93891488932302,
                        3.45
                    ]
                ],
                "Id": null
            },
            {
                "data": [
                    [
                        227.25835028212202, -6.222
                    ],
                    [
                        228.37784954459553, -6.222
                    ],
                    [
                        228.37784954459553,
                        3.45
                    ],
                    [
                        227.25835028212202,
                        3.45
                    ]
                ],
                "Id": null
            }
        ],
        "datasetPipe": [{
                "data": [
                    [
                        1.1194992624735076, -5.652
                    ],
                    [
                        23.11948505792351, -5.627
                    ],
                    [
                        23.11948505792351, -4.027
                    ],
                    [
                        1.1194992624735072, -4.052
                    ]
                ],
                "Id": "XXXXX00024.1"
            },
            {
                "data": [
                    [
                        24.238984320397016, -5.627
                    ],
                    [
                        127.93891488932303, -5.507
                    ],
                    [
                        127.93891488932303, -3.907
                    ],
                    [
                        24.238984320397023, -4.027
                    ]
                ],
                "Id": "XXXXX00037.1"
            },
            {
                "data": [
                    [
                        129.05841415179654, -5.507
                    ],
                    [
                        227.25835028212202, -5.395
                    ],
                    [
                        227.25835028212202, -3.795
                    ],
                    [
                        129.0584141517965, -3.907
                    ]
                ],
                "Id": "XXXXX00021.1"
            }
        ],
        "datasetWell": [{
                "data": [
                    [
                        0, -5.652
                    ],
                    [
                        1.1194992624735076, -5.652
                    ],
                    [
                        1.1194992624735076,
                        3.45
                    ],
                    [
                        0,
                        3.45
                    ]
                ],
                "Id": null
            },
            {
                "data": [
                    [
                        23.11948505792351, -5.627
                    ],
                    [
                        24.238984320397016, -5.627
                    ],
                    [
                        24.238984320397016,
                        3.45
                    ],
                    [
                        23.11948505792351,
                        3.45
                    ]
                ],
                "Id": "XXXXX00037"
            },
            {
                "data": [
                    [
                        127.93891488932303, -5.507
                    ],
                    [
                        129.05841415179654, -5.507
                    ],
                    [
                        129.05841415179654,
                        3.45
                    ],
                    [
                        127.93891488932303,
                        3.45
                    ]
                ],
                "Id": "XXXXX00021"
            },
            {
                "data": [
                    [
                        227.25835028212202, -5.395
                    ],
                    [
                        228.37784954459553, -5.395
                    ],
                    [
                        228.37784954459553,
                        3.45
                    ],
                    [
                        227.25835028212202,
                        3.45
                    ]
                ],
                "Id": "XXXXX00022"
            }
        ],
        "Min": -6.222,
        "Max": 5.18,
        "datasetPipeLevel": [{
                "data": [
                    [
                        1.1194992624735076, -5.652
                    ],
                    [
                        23.11948505792351, -5.627
                    ],
                    [
                        23.11948505792351, -4.027
                    ],
                    [
                        1.1194992624735076, -4.052
                    ]
                ],
                "Id": null
            },
            {
                "data": [
                    [
                        24.238984320397016, -5.627
                    ],
                    [
                        127.93891488932303, -5.507
                    ],
                    [
                        127.93891488932303, -3.907
                    ],
                    [
                        24.238984320397016, -4.027
                    ]
                ],
                "Id": null
            },
            {
                "data": [
                    [
                        129.05841415179654, -5.507
                    ],
                    [
                        227.25835028212202, -5.395
                    ],
                    [
                        227.25835028212202, -3.795
                    ],
                    [
                        129.05841415179654, -3.907
                    ]
                ],
                "Id": null
            }
        ],