{
    "Code": 0,
    "Message": "",
    "Response": {
        "datasetGround": [{
                "data": [
                    [
                        0, -2.977
                    ],
                    [
                        257.52305378542064, -2.977
                    ],
                    [
                        257.52305378542064,
                        2.98
                    ],
                    [
                        149.02770837834765,
                        3.27
                    ],
                    [
                        0,
                        3.27
                    ]
                ],
                "Id": null
            }

        ],
        "datasetPipe": [{
            "data": [
                [
                    0, -1.507
                ],
                [
                    4.52305378542064, -2.802
                ],
                [
                    4.72305378542064, -2.302
                ],
                [
                    0, -0.907
                ]
            ],
            "Id": "17372407.1"
        }],

        "Min": -2.977,
        "Max": 4.91

    }
}